Date,unique_idfas,unique_ips,unique_uas,total_requests,requests_per_idfa,impressions,impressions_per_idfa,idfa_ip_ratio,idfa_ua_ratio,IVT,App.no,Status,Check_Point
11-09-2025 14:00,3535,3535,17,3577,1.011881188,0,0,1,207.9411765,0.010695,App1,Valid,Hourly
11-09-2025 15:00,7254,7254,17,7361,1.014750482,0,0,1,426.7058824,0,App1,Valid,Hourly
11-09-2025 16:00,13737,13737,17,14073,1.024459489,0,0,1,808.0588235,0,App1,Valid,Hourly
11-09-2025 17:00,13800,13800,18,14074,1.019855072,0,0,1,766.6666667,0.00625,App1,Valid,Hourly
11-09-2025 18:00,8696,8696,19,8796,1.01149954,0,0,1,457.6842105,0,App1,Valid,Hourly
11-09-2025 19:00,8182,8182,20,8273,1.011121975,0,0,1,409.1,0.00578,App1,Valid,Hourly
11-09-2025 20:00,10707,10707,17,10860,1.014289717,0,0,1,629.8235294,0,App1,Valid,Hourly
11-09-2025 21:00,9634,9634,17,9752,1.012248287,0,0,1,566.7058824,0.004695,App1,Valid,Hourly
11-09-2025 22:00,12420,12420,19,12576,1.012560386,0,0,1,653.6842105,0,App1,Valid,Hourly
11-09-2025 23:00,9843,9843,20,9938,1.009651529,0,0,1,492.15,0.007143,App1,Valid,Hourly
12-09-2025 00:00,11655,11655,21,11806,1.012955813,0,0,1,555,0.006897,App1,Valid,Hourly
12-09-2025 01:00,9083,9083,20,9124,1.004513927,0,0,1,454.15,0.001664,App1,Valid,Hourly
12-09-2025 02:00,11817,11817,18,11932,1.009731742,0,0,1,656.5,0.004255,App1,Valid,Hourly
12-09-2025 03:00,25881,25880,18,26539,1.025424056,0,0,1.00003864,1437.833333,0.00464,App1,Valid,Hourly
12-09-2025 04:00,15818,15818,17,16030,1.013402453,0,0,1,930.4705882,0.004264,App1,Valid,Hourly
12-09-2025 05:00,13769,13769,18,13952,1.013290726,0,0,1,764.9444444,0.001901,App1,Valid,Hourly
12-09-2025 06:00,13543,13542,19,13852,1.022816215,0,0,1.000073844,712.7894737,0,App1,Valid,Hourly
12-09-2025 07:00,17360,17358,19,18165,1.046370968,0,0,1.000115221,913.6842105,0.010695,App1,Valid,Hourly
12-09-2025 08:00,14197,14196,19,14872,1.047545256,0,0,1.000070442,747.2105263,0,App1,Valid,Hourly
12-09-2025 09:00,15449,15447,20,16408,1.062075215,0,0,1.000129475,772.45,0,App1,Valid,Hourly
12-09-2025 10:00,15762,15759,18,16853,1.069217104,0,0,1.000190367,875.6666667,0.00625,App1,Valid,Hourly
12-09-2025 11:00,14982,14977,20,16195,1.080963823,0,0,1.000333845,749.1,0,App1,Valid,Hourly
12-09-2025 12:00,14869,14868,21,16045,1.079090726,0,0,1.000067259,708.047619,0.00578,App1,Valid,Hourly
12-09-2025 13:00,15071,15069,18,16161,1.072324331,0,0,1.000132723,837.2777778,0,App1,Valid,Hourly
12-09-2025 14:00,20486,20483,20,21779,1.063116275,0,0,1.000146463,1024.3,0.004695,App1,Valid,Hourly
12-09-2025 15:00,12651,12651,19,13017,1.028930519,0,0,1,665.8421053,0,App1,Valid,Hourly
12-09-2025 16:00,12936,12936,19,13263,1.025278293,0,0,1,680.8421053,0.007143,App1,Valid,Hourly
12-09-2025 17:00,13394,13394,19,13708,1.023443333,0,0,1,704.9473684,0.006897,App1,Valid,Hourly
12-09-2025 18:00,55797,55795,21,60342,1.081455992,0,0,1.000035846,2657,0.001664,App1,Valid,Hourly
12-09-2025 19:00,66294,66292,19,72581,1.094835128,0,0,1.00003017,3489.157895,0.004255,App1,Valid,Hourly
12-09-2025 20:00,78823,78822,21,85521,1.084975198,0,0,1.000012687,3753.47619,0.00464,App1,Valid,Hourly
12-09-2025 21:00,44541,44540,22,46588,1.045957657,0,0,1.000022452,2024.590909,0.004264,App1,Valid,Hourly
12-09-2025 22:00,49957,49953,22,52110,1.043097063,0,0,1.000080075,2270.772727,0.001901,App1,Valid,Hourly
12-09-2025 23:00,50434,50430,21,52672,1.044374827,0,0,1.000079318,2401.619048,0,App1,Valid,Hourly
13-09-2025 00:00,32161,32157,19,33306,1.035602127,0,0,1.00012439,1692.684211,0.005935,App1,Valid,Hourly
13-09-2025 01:00,16401,16400,18,16668,1.016279495,0,0,1.000060976,911.1666667,0,App1,Valid,Hourly
13-09-2025 02:00,18171,18171,18,18438,1.014693743,0,0,1,1009.5,0,App1,Valid,Hourly
13-09-2025 03:00,12518,12518,19,12631,1.009027001,0,0,1,658.8421053,0.007813,App1,Valid,Hourly
13-09-2025 04:00,37790,37788,22,38887,1.029028844,0,0,1.000052927,1717.727273,0.011364,App1,Valid,Hourly
13-09-2025 05:00,15328,15328,18,15608,1.018267223,0,0,1,851.5555556,0,App1,Valid,Hourly
13-09-2025 06:00,23243,23240,21,23899,1.028223551,0,0,1.000129088,1106.809524,0.008163,App1,Valid,Hourly
13-09-2025 07:00,7427,7427,19,7541,1.015349401,0,0,1,390.8947368,0,App1,Valid,Hourly
13-09-2025 08:00,8687,8685,19,8957,1.031080926,0,0,1.000230282,457.2105263,0,App1,Valid,Hourly
13-09-2025 09:00,8527,8527,18,8818,1.034126891,0,0,1,473.7222222,0.011111,App1,Valid,Hourly
13-09-2025 10:00,9002,9002,18,9380,1.041990669,0,0,1,500.1111111,0.010638,App1,Valid,Hourly
13-09-2025 11:00,8816,8816,20,9182,1.041515426,0,0,1,440.8,0.010638,App1,Valid,Hourly
13-09-2025 12:00,9033,9033,19,9446,1.045721244,0,0,1,475.4210526,0,App1,Valid,Hourly
13-09-2025 13:00,9124,9124,18,9506,1.041867602,0,0,1,506.8888889,0.010989,App1,Valid,Hourly
13-09-2025 14:00,8834,8833,18,9013,1.020262622,0,0,1.000113212,490.7777778,0.010526,App1,Valid,Hourly
13-09-2025 15:00,8585,8585,17,8701,1.013511939,0,0,1,505,0,App1,Valid,Hourly
13-09-2025 16:00,8873,8873,18,8986,1.012735264,0,0,1,492.9444444,0,App1,Valid,Hourly
13-09-2025 17:00,8450,8450,17,8531,1.009585799,0,0,1,497.0588235,0.011236,App1,Valid,Hourly
13-09-2025 18:00,10061,10061,18,10180,1.01182785,0,0,1,558.9444444,0.017391,App1,Valid,Hourly
13-09-2025 19:00,8698,8698,17,8780,1.009427455,0,0,1,511.6470588,0,App1,Valid,Hourly
13-09-2025 20:00,12802,12802,19,12988,1.01452898,0,0,1,673.7894737,0.015267,App1,Valid,Hourly
13-09-2025 21:00,18551,18551,20,18901,1.018866907,0,0,1,927.55,0.005263,App1,Valid,Hourly
13-09-2025 22:00,71743,71739,21,76608,1.067811494,0,0,1.000055758,3416.333333,0.002849,App1,Valid,Hourly
13-09-2025 23:00,82794,82786,23,88391,1.067601517,0,0,1.000096635,3599.73913,0.005599,App1,Valid,Hourly
14-09-2025 00:00,97985,97975,21,105699,1.078726336,0,0,1.000102067,4665.952381,0.005786,App1,Valid,Hourly
14-09-2025 01:00,39069,39068,19,40264,1.03058691,0,0,1.000025596,2056.263158,0.007692,App1,Valid,Hourly
14-09-2025 02:00,17140,17140,18,17454,1.01831972,0,0,1,952.2222222,0,App1,Valid,Hourly
14-09-2025 03:00,20597,20597,18,21110,1.02490654,0,0,1,1144.277778,0.004525,App1,Valid,Hourly
14-09-2025 04:00,20130,20129,18,20695,1.028067561,0,0,1.00004968,1118.333333,0,App1,Valid,Hourly
14-09-2025 05:00,17934,17933,19,18407,1.026374484,0,0,1.000055763,943.8947368,0.015873,App1,Valid,Hourly
14-09-2025 06:00,19416,19415,21,20034,1.031829419,0,0,1.000051507,924.5714286,0,App1,Valid,Hourly
14-09-2025 07:00,16382,16378,22,16979,1.036442437,0,0,1.00024423,744.6363636,0.010695,App1,Valid,Hourly
14-09-2025 08:00,21007,21003,23,22285,1.060836864,0,0,1.000190449,913.3478261,0,App1,Valid,Hourly
14-09-2025 09:00,8261,8261,21,8521,1.031473187,0,0,1,393.3809524,0,App1,Valid,Hourly
14-09-2025 10:00,10880,10880,20,11422,1.049816176,0,0,1,544,0.00625,App1,Valid,Hourly
14-09-2025 11:00,9577,9575,20,9970,1.041035815,0,0,1.000208877,478.85,0,App1,Valid,Hourly
14-09-2025 12:00,10620,10620,18,11098,1.045009416,0,0,1,590,0.00578,App1,Valid,Hourly
14-09-2025 13:00,9388,9388,19,9682,1.031316574,0,0,1,494.1052632,0,App1,Valid,Hourly
14-09-2025 14:00,8672,8672,19,8818,1.016835793,0,0,1,456.4210526,0.004695,App1,Valid,Hourly
14-09-2025 15:00,7507,7507,18,7610,1.013720528,0,0,1,417.0555556,0,App1,Valid,Hourly
14-09-2025 16:00,7402,7402,17,7470,1.009186706,0,0,1,435.4117647,0.007143,App1,Valid,Hourly
14-09-2025 17:00,6769,6769,18,6822,1.007829812,0,0,1,376.0555556,0.006897,App1,Valid,Hourly
14-09-2025 18:00,7790,7790,19,7860,1.008985879,0,0,1,410,0.001664,App1,Valid,Hourly
14-09-2025 19:00,11168,11168,18,11294,1.011282235,0,0,1,620.4444444,0.004255,App1,Valid,Hourly
14-09-2025 20:00,13286,13285,19,13455,1.012720157,0,0,1.000075273,699.2631579,0.00464,App1,Valid,Hourly
14-09-2025 21:00,11802,11802,17,11915,1.009574648,0,0,1,694.2352941,0.004264,App1,Valid,Hourly
14-09-2025 22:00,13518,13518,17,13662,1.010652463,0,0,1,795.1764706,0.001901,App1,Valid,Hourly
14-09-2025 23:00,42748,42746,20,44626,1.04393188,0,0,1.000046788,2137.4,0,App1,Valid,Hourly
15-09-2025 00:00,40618,40616,20,42359,1.04286277,0,0,1.000049242,2030.9,0.005935,App1,Valid,Hourly
15-09-2025 01:00,37731,37728,19,39050,1.034957992,0,0,1.000079517,1985.842105,0,App1,Valid,Hourly
11-09-2025 14:00,2992,2992,105,3109,1.039104278,0,0,1,28.4952381,0.051282,App2,Valid,Hourly
11-09-2025 15:00,5608,5606,113,5798,1.033880171,0,0,1.000356761,49.62831858,0.013889,App2,Valid,Hourly
11-09-2025 16:00,7179,7176,124,7438,1.036077448,0,0,1.00041806,57.89516129,0.02439,App2,Valid,Hourly
11-09-2025 17:00,6426,6424,109,6653,1.035325241,0,0,1.000311333,58.95412844,0.1,App2,Valid,Hourly
11-09-2025 18:00,5047,5046,107,5219,1.034079651,0,0,1.000198177,47.1682243,0.056338,App2,Valid,Hourly
11-09-2025 19:00,5234,5233,103,5439,1.039166985,0,0,1.000191095,50.81553398,0.043956,App2,Valid,Hourly
11-09-2025 20:00,5493,5493,112,5702,1.038048425,0,0,1,49.04464286,0.041667,App2,Valid,Hourly
11-09-2025 21:00,5088,5087,106,5271,1.035966981,0,0,1.00019658,48,0.047619,App2,Valid,Hourly
11-09-2025 22:00,6085,6085,110,6307,1.036483155,0,0,1,55.31818182,0.054795,App2,Valid,Hourly
11-09-2025 23:00,5183,5182,109,5365,1.035114798,0,0,1.000192976,47.55045872,0.04,App2,Valid,Hourly
12-09-2025 00:00,5712,5711,115,5911,1.034838936,0,0,1.000175101,49.66956522,0.034884,App2,Valid,Hourly
12-09-2025 01:00,5230,5229,108,5410,1.034416826,0,0,1.000191241,48.42592593,0.060201,App2,Valid,Hourly
12-09-2025 02:00,6235,6234,119,6415,1.028869286,0,0,1.000160411,52.39495798,0.069909,App2,Valid,Hourly
12-09-2025 03:00,9598,9596,136,9893,1.03073557,0,0,1.00020842,70.57352941,0.063707,App2,Valid,Hourly
12-09-2025 04:00,7043,7042,121,7256,1.030242794,0,0,1.000142005,58.20661157,0.095506,App2,Valid,Hourly
12-09-2025 05:00,6572,6571,123,6793,1.033627511,0,0,1.000152184,53.43089431,0.080952,App2,Valid,Hourly
12-09-2025 06:00,6394,6393,124,6602,1.032530497,0,0,1.000156421,51.56451613,0.063707,App2,Valid,Hourly
12-09-2025 07:00,8295,8292,139,8726,1.051959011,0,0,1.000361795,59.67625899,0.051282,App2,Valid,Hourly
12-09-2025 08:00,6901,6900,140,7250,1.050572381,0,0,1.000144928,49.29285714,0.013889,App2,Valid,Hourly
12-09-2025 09:00,7387,7385,153,7855,1.063354542,0,0,1.000270819,48.28104575,0.02439,App2,Valid,Hourly
12-09-2025 10:00,7209,7209,150,7690,1.066722153,0,0,1,48.06,0.1,App2,Valid,Hourly
12-09-2025 11:00,7117,7116,138,7679,1.078965856,0,0,1.000140528,51.57246377,0.056338,App2,Valid,Hourly
12-09-2025 12:00,7486,7484,140,8059,1.07654288,0,0,1.000267237,53.47142857,0.043956,App2,Valid,Hourly
12-09-2025 13:00,9016,9011,138,9613,1.066215617,0,0,1.000554877,65.33333333,0.041667,App2,Valid,Hourly
12-09-2025 14:00,12154,12151,132,12856,1.057758763,0,0,1.000246893,92.07575758,0.047619,App2,Valid,Hourly
12-09-2025 15:00,8098,8096,124,8416,1.039268955,0,0,1.000247036,65.30645161,0.054795,App2,Valid,Hourly
12-09-2025 16:00,8215,8214,117,8535,1.038953135,0,0,1.000121743,70.21367521,0.04,App2,Valid,Hourly
12-09-2025 17:00,8595,8594,113,8882,1.033391507,0,0,1.00011636,76.0619469,0.034884,App2,Valid,Hourly
12-09-2025 18:00,27712,27693,143,29866,1.07772806,0,0,1.000686094,193.7902098,0.060201,App2,Valid,Hourly
12-09-2025 19:00,31449,31430,145,34266,1.089573595,0,0,1.000604518,216.8896552,0.069909,App2,Valid,Hourly
12-09-2025 20:00,42845,42809,151,47484,1.108274011,0,0,1.000840945,283.7417219,0.063707,App2,Valid,Hourly
12-09-2025 21:00,17217,17212,136,17886,1.038856944,0,0,1.000290495,126.5955882,0.095506,App2,Valid,Hourly
12-09-2025 22:00,19128,19123,135,19924,1.041614387,0,0,1.000261465,141.6888889,0.080952,App2,Valid,Hourly
12-09-2025 23:00,17930,17923,144,18669,1.041215839,0,0,1.00039056,124.5138889,0.053191,App2,Valid,Hourly
13-09-2025 00:00,11615,11615,129,12007,1.033749462,0,0,1,90.03875969,0.073529,App2,Valid,Hourly
13-09-2025 01:00,7061,7060,134,7179,1.016711514,0,0,1.000141643,52.69402985,0.057971,App2,Valid,Hourly
13-09-2025 02:00,9922,9917,124,10252,1.033259424,0,0,1.000504185,80.01612903,0.119266,App2,Valid,Hourly
13-09-2025 03:00,7073,7073,122,7246,1.024459211,0,0,1,57.97540984,0.106667,App2,Valid,Hourly
13-09-2025 04:00,13245,13240,150,13638,1.029671574,0,0,1.000377644,88.3,0.041096,App2,Valid,Hourly
13-09-2025 05:00,5109,5108,119,5195,1.01683304,0,0,1.000195771,42.93277311,0.020833,App2,Valid,Hourly
13-09-2025 06:00,11553,11550,151,11982,1.037133212,0,0,1.00025974,76.50993377,0.059259,App2,Valid,Hourly
13-09-2025 07:00,5398,5397,120,5590,1.035568729,0,0,1.000185288,44.98333333,0.021739,App2,Valid,Hourly
13-09-2025 08:00,5998,5995,131,6237,1.039846616,0,0,1.000500417,45.78625954,0.046154,App2,Valid,Hourly
13-09-2025 09:00,5887,5885,134,6124,1.040258196,0,0,1.000339847,43.93283582,0.016129,App2,Valid,Hourly
13-09-2025 10:00,6162,6158,131,6475,1.050795196,0,0,1.000649562,47.03816794,0.064516,App2,Valid,Hourly
13-09-2025 11:00,6060,6058,129,6388,1.054125413,0,0,1.000330142,46.97674419,0.074074,App2,Valid,Hourly
13-09-2025 12:00,6211,6210,136,6525,1.050555466,0,0,1.000161031,45.66911765,0.054795,App2,Valid,Hourly
13-09-2025 13:00,7928,7926,137,8343,1.052346115,0,0,1.000252334,57.86861314,0.035294,App2,Valid,Hourly
13-09-2025 14:00,7926,7923,124,8232,1.038607116,0,0,1.000378644,63.91935484,0.075949,App2,Valid,Hourly
13-09-2025 15:00,7288,7287,114,7575,1.039379802,0,0,1.000137231,63.92982456,0.111111,App2,Valid,Hourly
13-09-2025 16:00,7641,7641,119,7920,1.036513545,0,0,1,64.21008403,0.070423,App2,Valid,Hourly
13-09-2025 17:00,8207,8204,121,8474,1.032533203,0,0,1.000365675,67.82644628,0.053333,App2,Valid,Hourly
13-09-2025 18:00,10354,10352,121,10713,1.03467259,0,0,1.000193199,85.57024793,0.032258,App2,Valid,Hourly
13-09-2025 19:00,8983,8982,120,9260,1.030836024,0,0,1.000111334,74.85833333,0.03,App2,Valid,Hourly
13-09-2025 20:00,10917,10915,126,11263,1.031693689,0,0,1.000183234,86.64285714,0.018692,App2,Valid,Hourly
13-09-2025 21:00,12964,12962,128,13289,1.025069423,0,0,1.000154297,101.28125,0.090226,App2,Valid,Hourly
13-09-2025 22:00,40171,40132,161,43314,1.078240522,0,0,1.000971793,249.5093168,0.057971,App2,Valid,Hourly
13-09-2025 23:00,36964,36941,167,39594,1.071150308,0,0,1.000622614,221.3413174,0.058824,App2,Valid,Hourly
14-09-2025 00:00,46470,46430,174,50757,1.092253066,0,0,1.000861512,267.0689655,0.063425,App2,Valid,Hourly
14-09-2025 01:00,25640,25627,158,26738,1.042823713,0,0,1.000507277,162.278481,0.064257,App2,Valid,Hourly
14-09-2025 02:00,11095,11093,141,11328,1.021000451,0,0,1.000180294,78.68794326,0.073684,App2,Valid,Hourly
14-09-2025 03:00,15394,15389,149,15865,1.030596336,0,0,1.000324907,103.3154362,0.101351,App2,Valid,Hourly
14-09-2025 04:00,13372,13369,145,13760,1.029015854,0,0,1.0002244,92.22068966,0.088889,App2,Valid,Hourly
14-09-2025 05:00,9751,9747,141,10004,1.025946057,0,0,1.000410383,69.15602837,0.036364,App2,Valid,Hourly
14-09-2025 06:00,11350,11347,144,11763,1.036387665,0,0,1.000264387,78.81944444,0.041322,App2,Valid,Hourly
14-09-2025 07:00,9801,9797,150,10151,1.035710642,0,0,1.000408288,65.34,0.041096,App2,Valid,Hourly
14-09-2025 08:00,13609,13606,148,14511,1.066279668,0,0,1.000220491,91.9527027,0.020833,App2,Valid,Hourly
14-09-2025 09:00,5798,5796,125,6021,1.038461538,0,0,1.000345066,46.384,0.059259,App2,Valid,Hourly
14-09-2025 10:00,6856,6854,135,7270,1.060385064,0,0,1.0002918,50.78518519,0.021739,App2,Valid,Hourly
14-09-2025 11:00,6135,6135,131,6420,1.046454768,0,0,1,46.83206107,0.046154,App2,Valid,Hourly
14-09-2025 12:00,7328,7328,135,7745,1.056905022,0,0,1,54.28148148,0.016129,App2,Valid,Hourly
14-09-2025 13:00,8128,8124,129,8516,1.04773622,0,0,1.000492368,63.00775194,0.064516,App2,Valid,Hourly
14-09-2025 14:00,8380,8379,121,8700,1.038186158,0,0,1.000119346,69.25619835,0.074074,App2,Valid,Hourly
14-09-2025 15:00,7701,7700,116,7972,1.035190235,0,0,1.00012987,66.38793103,0.054795,App2,Valid,Hourly
14-09-2025 16:00,8064,8064,115,8356,1.036210317,0,0,1,70.12173913,0.035294,App2,Valid,Hourly
14-09-2025 17:00,7714,7714,118,7969,1.03305678,0,0,1,65.37288136,0.075949,App2,Valid,Hourly
14-09-2025 18:00,7937,7937,115,8178,1.030364117,0,0,1,69.0173913,0.111111,App2,Valid,Hourly
14-09-2025 19:00,7914,7912,115,8118,1.025777104,0,0,1.000252781,68.8173913,0.070423,App2,Valid,Hourly
14-09-2025 20:00,8452,8449,121,8734,1.033364884,0,0,1.000355072,69.85123967,0.053333,App2,Valid,Hourly
14-09-2025 21:00,6544,6543,112,6695,1.023074572,0,0,1.000152835,58.42857143,0.032258,App2,Valid,Hourly
14-09-2025 22:00,7738,7737,113,7928,1.024554148,0,0,1.000129249,68.47787611,0.03,App2,Valid,Hourly
14-09-2025 23:00,33852,33844,177,36512,1.078577337,0,0,1.000236379,191.2542373,0.018692,App2,Valid,Hourly
15-09-2025 00:00,25576,25561,157,27140,1.061151079,0,0,1.000586832,162.9044586,0.090226,App2,Valid,Hourly
15-09-2025 01:00,24185,24174,163,25306,1.046351044,0,0,1.000455034,148.3742331,0.057971,App2,Valid,Hourly
11-09-2025 14:00,30836,30741,22,46383,1.504183422,0,0,1.003090335,1401.636364,0,App3,Valid,Hourly
11-09-2025 15:00,19164,19139,22,20418,1.065435191,0,0,1.001306233,871.0909091,0,App3,Valid,Hourly
11-09-2025 16:00,21396,21365,22,22793,1.065292578,0,0,1.001450971,972.5454545,0,App3,Valid,Hourly
11-09-2025 17:00,19608,19579,22,20881,1.064922481,0,0,1.001481179,891.2727273,0,App3,Valid,Hourly
11-09-2025 18:00,20300,20262,22,21624,1.065221675,0,0,1.001875432,922.7272727,0,App3,Valid,Hourly
11-09-2025 19:00,21581,21550,22,23063,1.068671517,0,0,1.001438515,980.9545455,0,App3,Valid,Hourly
11-09-2025 20:00,20273,20251,22,21681,1.06945198,0,0,1.001086366,921.5,0.009434,App3,Valid,Hourly
11-09-2025 21:00,19991,19960,22,21297,1.065329398,0,0,1.001553106,908.6818182,0.004902,App3,Valid,Hourly
11-09-2025 22:00,22032,21998,22,23513,1.067220407,0,0,1.001545595,1001.454545,0,App3,Valid,Hourly
11-09-2025 23:00,21945,21910,22,23463,1.069172932,0,0,1.001597444,997.5,0.004405,App3,Valid,Hourly
12-09-2025 00:00,21374,21339,22,22908,1.07176944,0,0,1.001640189,971.5454545,0.005076,App3,Valid,Hourly
12-09-2025 01:00,23117,23074,22,24598,1.064065406,0,0,1.001863569,1050.772727,0,App3,Valid,Hourly
12-09-2025 02:00,24937,24893,22,26504,1.062838353,0,0,1.001767565,1133.5,0.020513,App3,Valid,Hourly
12-09-2025 03:00,18290,18266,22,19133,1.04609076,0,0,1.001313917,831.3636364,0.005102,App3,Valid,Hourly
12-09-2025 04:00,21099,21053,22,22540,1.068297076,0,0,1.002184962,959.0454545,0,App3,Valid,Hourly
12-09-2025 05:00,18912,18884,22,20210,1.068633672,0,0,1.001482737,859.6363636,0,App3,Valid,Hourly
12-09-2025 06:00,19836,19803,22,21196,1.06856221,0,0,1.001666414,901.6363636,0,App3,Valid,Hourly
12-09-2025 07:00,18225,18199,22,19446,1.066995885,0,0,1.00142865,828.4090909,0,App3,Valid,Hourly
12-09-2025 08:00,14129,14118,22,15087,1.067803808,0,0,1.000779147,642.2272727,0,App3,Valid,Hourly
12-09-2025 09:00,14897,14880,22,16039,1.07665973,0,0,1.001142473,677.1363636,0,App3,Valid,Hourly
12-09-2025 10:00,13414,13400,22,14488,1.080065603,0,0,1.001044776,609.7272727,0,App3,Valid,Hourly
12-09-2025 11:00,13527,13507,22,14675,1.084867302,0,0,1.001480714,614.8636364,0,App3,Valid,Hourly
12-09-2025 12:00,13276,13266,22,14335,1.079768002,0,0,1.000753807,603.4545455,0,App3,Valid,Hourly
12-09-2025 13:00,17485,17462,22,18734,1.071432657,0,0,1.001317146,794.7727273,0.009434,App3,Valid,Hourly
12-09-2025 14:00,20889,20844,22,22271,1.066159223,0,0,1.002158895,949.5,0.004902,App3,Valid,Hourly
12-09-2025 15:00,20092,20057,22,21333,1.061765877,0,0,1.001745027,913.2727273,0,App3,Valid,Hourly
12-09-2025 16:00,20706,20670,22,22032,1.064039409,0,0,1.001741655,941.1818182,0.004405,App3,Valid,Hourly
12-09-2025 17:00,19452,19433,22,20671,1.062667078,0,0,1.000977718,884.1818182,0.005076,App3,Valid,Hourly
12-09-2025 18:00,20869,20831,22,22174,1.062532944,0,0,1.001824204,948.5909091,0,App3,Valid,Hourly
12-09-2025 19:00,19869,19845,22,21111,1.062509437,0,0,1.001209373,903.1363636,0.020513,App3,Valid,Hourly
12-09-2025 20:00,17041,17021,22,18222,1.069303445,0,0,1.001175019,774.5909091,0.005102,App3,Valid,Hourly
12-09-2025 21:00,2374,2374,22,2458,1.035383319,0,0,1,107.9090909,0,App3,Valid,Hourly
12-09-2025 22:00,3089,3089,22,3187,1.031725478,0,0,1,140.4090909,0,App3,Valid,Hourly
12-09-2025 23:00,2903,2902,22,3013,1.037891836,0,0,1.00034459,131.9545455,0.04,App3,Valid,Hourly
13-09-2025 00:00,2476,2475,22,2543,1.027059774,0,0,1.00040404,112.5454545,0,App3,Valid,Hourly
13-09-2025 01:00,2836,2836,22,2867,1.010930889,0,0,1,128.9090909,0,App3,Valid,Hourly
13-09-2025 02:00,19204,19177,22,20192,1.051447615,0,0,1.001407937,872.9090909,0.01005,App3,Valid,Hourly
13-09-2025 03:00,11496,11481,22,11957,1.040100905,0,0,1.001306506,522.5454545,0.017544,App3,Valid,Hourly
13-09-2025 04:00,3382,3380,22,3449,1.019810763,0,0,1.000591716,153.7272727,0.023256,App3,Valid,Hourly
13-09-2025 05:00,1125,1125,22,1133,1.007111111,0,0,1,51.13636364,0,App3,Valid,Hourly
13-09-2025 06:00,10419,10410,22,10802,1.036759766,0,0,1.000864553,473.5909091,0.00885,App3,Valid,Hourly
13-09-2025 07:00,12167,12160,22,12775,1.049971234,0,0,1.000575658,553.0454545,0.008929,App3,Valid,Hourly
13-09-2025 08:00,10629,10621,22,11261,1.059459968,0,0,1.000753225,483.1363636,0,App3,Valid,Hourly
13-09-2025 09:00,10464,10453,22,11143,1.064889144,0,0,1.001052329,475.6363636,0,App3,Valid,Hourly
13-09-2025 10:00,9704,9691,22,10333,1.064818631,0,0,1.001341451,441.0909091,0,App3,Valid,Hourly
13-09-2025 11:00,9822,9810,22,10525,1.071574018,0,0,1.001223242,446.4545455,0,App3,Valid,Hourly
13-09-2025 12:00,10880,10868,22,11677,1.073253676,0,0,1.001104159,494.5454545,0.009009,App3,Valid,Hourly
13-09-2025 13:00,15753,15732,22,16791,1.065892211,0,0,1.001334859,716.0454545,0,App3,Valid,Hourly
13-09-2025 14:00,16925,16901,22,17899,1.057548006,0,0,1.001420034,769.3181818,0,App3,Valid,Hourly
13-09-2025 15:00,16360,16339,22,17194,1.050977995,0,0,1.001285268,743.6363636,0.006579,App3,Valid,Hourly
13-09-2025 16:00,16391,16367,22,17247,1.052223781,0,0,1.001466365,745.0454545,0.005435,App3,Valid,Hourly
13-09-2025 17:00,15259,15234,22,16061,1.052559145,0,0,1.001641066,693.5909091,0,App3,Valid,Hourly
13-09-2025 18:00,16475,16447,22,17423,1.05754173,0,0,1.001702438,748.8636364,0,App3,Valid,Hourly
13-09-2025 19:00,16660,16635,22,17569,1.054561825,0,0,1.001502855,757.2727273,0.005848,App3,Valid,Hourly
13-09-2025 20:00,16130,16109,22,17078,1.058772474,0,0,1.001303619,733.1818182,0,App3,Valid,Hourly
13-09-2025 21:00,13274,13261,22,13854,1.04369444,0,0,1.000980318,603.3636364,0,App3,Valid,Hourly
13-09-2025 22:00,14889,14876,22,15643,1.050641413,0,0,1.000873891,676.7727273,0.006369,App3,Valid,Hourly
13-09-2025 23:00,8073,8071,22,8463,1.048309179,0,0,1.000247801,366.9545455,0.012195,App3,Valid,Hourly
14-09-2025 00:00,11090,11082,22,11737,1.058340848,0,0,1.000721891,504.0909091,0,App3,Valid,Hourly
14-09-2025 01:00,7106,7101,22,7301,1.027441599,0,0,1.000704126,323,0,App3,Valid,Hourly
14-09-2025 02:00,5409,5409,22,5499,1.016638935,0,0,1,245.8636364,0,App3,Valid,Hourly
14-09-2025 03:00,7069,7065,22,7227,1.02235111,0,0,1.000566171,321.3181818,0.024096,App3,Valid,Hourly
14-09-2025 04:00,6733,6730,22,6897,1.024357641,0,0,1.000445765,306.0454545,0,App3,Valid,Hourly
14-09-2025 05:00,3286,3285,22,3341,1.016737675,0,0,1.000304414,149.3636364,0,App3,Valid,Hourly
14-09-2025 06:00,3800,3799,22,3910,1.028947368,0,0,1.000263227,172.7272727,0,App3,Valid,Hourly
14-09-2025 07:00,1937,1937,22,2010,1.037687145,0,0,1,88.04545455,0,App3,Valid,Hourly
14-09-2025 08:00,4815,4815,22,5059,1.050674974,0,0,1,218.8636364,0.00885,App3,Valid,Hourly
14-09-2025 09:00,9190,9180,22,9747,1.060609358,0,0,1.001089325,417.7272727,0.008929,App3,Valid,Hourly
14-09-2025 10:00,11271,11257,22,12178,1.080472008,0,0,1.001243671,512.3181818,0,App3,Valid,Hourly
14-09-2025 11:00,10476,10465,22,11307,1.07932417,0,0,1.001051123,476.1818182,0,App3,Valid,Hourly
14-09-2025 12:00,12963,12947,22,14069,1.085319756,0,0,1.001235808,589.2272727,0,App3,Valid,Hourly
14-09-2025 13:00,16918,16895,22,18190,1.075186192,0,0,1.00136135,769,0,App3,Valid,Hourly
14-09-2025 14:00,19348,19310,22,20679,1.06879264,0,0,1.001967892,879.4545455,0.009009,App3,Valid,Hourly
14-09-2025 15:00,19733,19708,22,21018,1.065119343,0,0,1.00126852,896.9545455,0,App3,Valid,Hourly
14-09-2025 16:00,20722,20702,22,22117,1.067319757,0,0,1.00096609,941.9090909,0,App3,Valid,Hourly
14-09-2025 17:00,19141,19108,22,20430,1.067342354,0,0,1.001727025,870.0454545,0.006579,App3,Valid,Hourly
14-09-2025 18:00,21044,21009,22,22534,1.07080403,0,0,1.001665953,956.5454545,0.005435,App3,Valid,Hourly
14-09-2025 19:00,18064,18050,22,19043,1.054196191,0,0,1.000775623,821.0909091,0,App3,Valid,Hourly
14-09-2025 20:00,18925,18871,22,20234,1.069167768,0,0,1.002861534,860.2272727,0,App3,Valid,Hourly
14-09-2025 21:00,13817,13794,22,14523,1.051096475,0,0,1.001667392,628.0454545,0.005848,App3,Valid,Hourly
14-09-2025 22:00,15009,14988,22,15780,1.051369178,0,0,1.001401121,682.2272727,0,App3,Valid,Hourly
14-09-2025 23:00,12111,12106,22,12842,1.060358352,0,0,1.000413018,550.5,0,App3,Valid,Hourly
15-09-2025 00:00,10902,10899,22,11451,1.050357733,0,0,1.000275255,495.5454545,0.006369,App3,Valid,Hourly
15-09-2025 01:00,12269,12257,22,12724,1.037085337,0,0,1.000979032,557.6818182,0.012195,App3,Valid,Hourly
11-09-2025 14:00,4163,4163,137,4219,1.013451838,0,0,1,30.38686131,0,App4,Invalid,Hourly
11-09-2025 15:00,8317,8317,152,8433,1.013947337,0,0,1,54.71710526,0,App4,Invalid,Hourly
11-09-2025 16:00,13774,13774,166,14118,1.02497459,0,0,1,82.97590361,0,App4,Invalid,Hourly
11-09-2025 17:00,11966,11966,164,12215,1.020808959,0,0,1,72.96341463,0,App4,Invalid,Hourly
11-09-2025 18:00,7389,7389,132,7484,1.01285695,0,0,1,55.97727273,0.025316,App4,Invalid,Hourly
11-09-2025 19:00,8808,8808,140,8901,1.010558583,0,0,1,62.91428571,0,App4,Invalid,Hourly
11-09-2025 20:00,11032,11032,148,11204,1.015591008,0,0,1,74.54054054,0,App4,Invalid,Hourly
11-09-2025 21:00,9762,9762,151,9891,1.013214505,0,0,1,64.64900662,0,App4,Invalid,Hourly
11-09-2025 22:00,11759,11758,151,11929,1.014457012,0,0,1.000085048,77.87417219,0.01,App4,Invalid,Hourly
11-09-2025 23:00,9330,9330,150,9423,1.009967846,0,0,1,62.2,0,App4,Invalid,Hourly
12-09-2025 00:00,9735,9735,146,9846,1.011402157,0,0,1,66.67808219,0,App4,Invalid,Hourly
12-09-2025 01:00,5448,5448,141,5488,1.007342144,0,0,1,38.63829787,0,App4,Invalid,Hourly
12-09-2025 02:00,5573,5572,147,5622,1.008792392,0,0,1.000179469,37.91156463,0,App4,Invalid,Hourly
12-09-2025 03:00,10917,10916,168,11165,1.022716864,0,0,1.000091609,64.98214286,0.007692,App4,Invalid,Hourly
12-09-2025 04:00,6449,6449,152,6527,1.012094898,0,0,1,42.42763158,0.126761,App4,Invalid,Hourly
12-09-2025 05:00,5946,5946,157,6023,1.012949882,0,0,1,37.87261146,0.62069,App4,Invalid,Hourly
12-09-2025 06:00,6048,6046,162,6171,1.020337302,0,0,1.000330797,37.33333333,1,App4,Invalid,Hourly
12-09-2025 07:00,8535,8535,192,8924,1.045577036,0,0,1,44.453125,1,App4,Invalid,Hourly
12-09-2025 08:00,7402,7402,179,7752,1.047284518,0,0,1,41.35195531,1,App4,Invalid,Hourly
12-09-2025 09:00,8309,8308,176,8807,1.05993501,0,0,1.000120366,47.21022727,0.989362,App4,Invalid,Hourly
12-09-2025 10:00,9035,9035,176,9665,1.069728832,0,0,1,51.33522727,0.97561,App4,Invalid,Hourly
12-09-2025 11:00,8969,8968,189,9654,1.076374178,0,0,1.000111508,47.45502646,0.990385,App4,Invalid,Hourly
12-09-2025 12:00,9950,9948,193,10732,1.078592965,0,0,1.000201045,51.55440415,1,App4,Invalid,Hourly
12-09-2025 13:00,13180,13180,197,14143,1.07306525,0,0,1,66.9035533,1,App4,Invalid,Hourly
12-09-2025 14:00,20894,20892,187,22183,1.061692352,0,0,1.00009573,111.7326203,1,App4,Invalid,Hourly
12-09-2025 15:00,13007,13004,158,13366,1.027600523,0,0,1.000230698,82.32278481,1,App4,Invalid,Hourly
12-09-2025 16:00,14543,14543,163,14977,1.029842536,0,0,1,89.2208589,0.992188,App4,Invalid,Hourly
12-09-2025 17:00,14328,14328,151,14633,1.021286991,0,0,1,94.88741722,0.993243,App4,Invalid,Hourly
12-09-2025 18:00,43331,43327,210,46852,1.081258222,0,0,1.000092321,206.3380952,0.99568,App4,Invalid,Hourly
12-09-2025 19:00,45726,45722,210,50072,1.095044395,0,0,1.000087485,217.7428571,0.99596,App4,Invalid,Hourly
12-09-2025 20:00,80116,80107,225,89859,1.121611164,0,0,1.00011235,356.0711111,0.995671,App4,Invalid,Hourly
12-09-2025 21:00,34196,34194,197,35784,1.04643818,0,0,1.00005849,173.5837563,0.997006,App4,Invalid,Hourly
12-09-2025 22:00,36251,36250,194,37939,1.046564233,0,0,1.000027586,186.8608247,0.99734,App4,Invalid,Hourly
12-09-2025 23:00,33170,33166,194,34668,1.04516129,0,0,1.000120605,170.9793814,0.996988,App4,Invalid,Hourly
13-09-2025 00:00,17964,17964,181,18550,1.032620797,0,0,1,99.24861878,0.994737,App4,Invalid,Hourly
13-09-2025 01:00,8960,8960,147,9118,1.017633929,0,0,1,60.95238095,0.988764,App4,Invalid,Hourly
13-09-2025 02:00,8407,8405,153,8579,1.020459141,0,0,1.000237954,54.94771242,0.987179,App4,Invalid,Hourly
13-09-2025 03:00,6043,6043,143,6136,1.015389707,0,0,1,42.25874126,1,App4,Invalid,Hourly
13-09-2025 04:00,16365,16362,188,16850,1.029636419,0,0,1.000183352,87.04787234,0.994413,App4,Invalid,Hourly
13-09-2025 05:00,6399,6399,150,6499,1.015627442,0,0,1,42.66,1,App4,Invalid,Hourly
13-09-2025 06:00,12129,12127,175,12576,1.036853821,0,0,1.000164921,69.30857143,1,App4,Invalid,Hourly
13-09-2025 07:00,4392,4392,149,4453,1.013888889,0,0,1,29.47651007,1,App4,Invalid,Hourly
13-09-2025 08:00,5876,5875,165,6045,1.028761062,0,0,1.000170213,35.61212121,1,App4,Invalid,Hourly
13-09-2025 09:00,5951,5951,164,6141,1.031927407,0,0,1,36.28658537,1,App4,Invalid,Hourly
13-09-2025 10:00,6498,6498,167,6767,1.041397353,0,0,1,38.91017964,0.983333,App4,Invalid,Hourly
13-09-2025 11:00,6306,6305,168,6561,1.040437678,0,0,1.000158604,37.53571429,0.984375,App4,Invalid,Hourly
13-09-2025 12:00,6281,6281,168,6506,1.035822321,0,0,1,37.38690476,1,App4,Invalid,Hourly
13-09-2025 13:00,6704,6704,157,6945,1.035948687,0,0,1,42.70063694,1,App4,Invalid,Hourly
13-09-2025 14:00,6218,6218,135,6342,1.019942104,0,0,1,46.05925926,0.972973,App4,Invalid,Hourly
13-09-2025 15:00,6534,6534,138,6623,1.013621059,0,0,1,47.34782609,1,App4,Invalid,Hourly
13-09-2025 16:00,8684,8684,145,8795,1.012782128,0,0,1,59.88965517,1,App4,Invalid,Hourly
13-09-2025 17:00,8722,8722,139,8825,1.011809218,0,0,1,62.74820144,0.987342,App4,Invalid,Hourly
13-09-2025 18:00,9843,9843,143,9998,1.015747232,0,0,1,68.83216783,0.99,App4,Invalid,Hourly
13-09-2025 19:00,7109,7109,131,7202,1.013082009,0,0,1,54.26717557,0.9875,App4,Invalid,Hourly
13-09-2025 20:00,8271,8271,136,8396,1.015113046,0,0,1,60.81617647,1,App4,Invalid,Hourly
13-09-2025 21:00,10432,10432,152,10691,1.024827454,0,0,1,68.63157895,0.992126,App4,Invalid,Hourly
13-09-2025 22:00,35055,35052,197,37965,1.083012409,0,0,1.000085587,177.9441624,0.997462,App4,Invalid,Hourly
13-09-2025 23:00,32157,32155,199,34476,1.072114936,0,0,1.000062199,161.5929648,0.99723,App4,Invalid,Hourly
14-09-2025 00:00,40781,40778,203,44790,1.098305583,0,0,1.000073569,200.8916256,0.997778,App4,Invalid,Hourly
14-09-2025 01:00,22924,22924,179,23937,1.044189496,0,0,1,128.0670391,1,App4,Invalid,Hourly
14-09-2025 02:00,8607,8606,155,8814,1.024050192,0,0,1.000116198,55.52903226,0.987952,App4,Invalid,Hourly
14-09-2025 03:00,11142,11141,157,11484,1.030694669,0,0,1.000089759,70.96815287,1,App4,Invalid,Hourly
14-09-2025 04:00,10476,10475,165,10806,1.031500573,0,0,1.000095465,63.49090909,1,App4,Invalid,Hourly
14-09-2025 05:00,8221,8221,164,8459,1.028950249,0,0,1,50.12804878,1,App4,Invalid,Hourly
14-09-2025 06:00,9448,9448,174,9724,1.029212532,0,0,1,54.29885057,1,App4,Invalid,Hourly
14-09-2025 07:00,9023,9023,184,9382,1.03978721,0,0,1,49.03804348,1,App4,Invalid,Hourly
14-09-2025 08:00,13325,13324,194,14218,1.067016886,0,0,1.000075053,68.68556701,1,App4,Invalid,Hourly
14-09-2025 09:00,4938,4938,152,5096,1.03199676,0,0,1,32.48684211,1,App4,Invalid,Hourly
14-09-2025 10:00,5895,5895,171,6154,1.043935539,0,0,1,34.47368421,1,App4,Invalid,Hourly
14-09-2025 11:00,5821,5821,158,6031,1.036076276,0,0,1,36.84177215,1,App4,Invalid,Hourly
14-09-2025 12:00,6695,6694,166,6971,1.041224795,0,0,1.000149388,40.3313253,1,App4,Invalid,Hourly
14-09-2025 13:00,5876,5876,152,6032,1.026548673,0,0,1,38.65789474,1,App4,Invalid,Hourly
14-09-2025 14:00,5535,5535,141,5632,1.017524842,0,0,1,39.25531915,1,App4,Invalid,Hourly
14-09-2025 15:00,4781,4781,113,4833,1.010876386,0,0,1,42.30973451,1,App4,Invalid,Hourly
14-09-2025 16:00,5671,5671,128,5730,1.010403809,0,0,1,44.3046875,1,App4,Invalid,Hourly
14-09-2025 17:00,6353,6353,122,6423,1.011018416,0,0,1,52.07377049,1,App4,Invalid,Hourly
14-09-2025 18:00,7006,7006,126,7067,1.008706823,0,0,1,55.6031746,1,App4,Invalid,Hourly
14-09-2025 19:00,8745,8745,139,8844,1.011320755,0,0,1,62.91366906,1,App4,Invalid,Hourly
14-09-2025 20:00,8293,8293,142,8412,1.014349451,0,0,1,58.40140845,1,App4,Invalid,Hourly
14-09-2025 21:00,6383,6383,129,6446,1.009869967,0,0,1,49.48062016,1,App4,Invalid,Hourly
14-09-2025 22:00,7563,7563,146,7670,1.014147825,0,0,1,51.80136986,1,App4,Invalid,Hourly
14-09-2025 23:00,43842,43840,210,47495,1.083321929,0,0,1.00004562,208.7714286,1,App4,Invalid,Hourly
15-09-2025 00:00,31620,31618,192,33602,1.062681847,0,0,1.000063255,164.6875,1,App4,Invalid,Hourly
15-09-2025 01:00,25285,25280,205,26633,1.05331224,0,0,1.000197785,123.3414634,1,App4,Invalid,Hourly
11-09-2025 14:00,1665,1665,336,1679,1.008408408,0,0,1,4.955357143,0,App5,Invalid,Hourly
11-09-2025 15:00,3123,3123,433,3154,1.009926353,0,0,1,7.212471132,0,App5,Invalid,Hourly
11-09-2025 16:00,4143,4143,466,4203,1.014482259,0,0,1,8.89055794,0.026316,App5,Invalid,Hourly
11-09-2025 17:00,3332,3332,432,3374,1.012605042,0,0,1,7.712962963,0,App5,Invalid,Hourly
11-09-2025 18:00,2361,2361,386,2381,1.008470987,0,0,1,6.116580311,0,App5,Invalid,Hourly
11-09-2025 19:00,2367,2367,386,2376,1.003802281,0,0,1,6.132124352,0,App5,Invalid,Hourly
11-09-2025 20:00,2682,2682,415,2708,1.009694258,0,0,1,6.462650602,0,App5,Invalid,Hourly
11-09-2025 21:00,2374,2374,405,2386,1.00505476,0,0,1,5.861728395,0.714286,App5,Invalid,Hourly
11-09-2025 22:00,2648,2648,421,2674,1.009818731,0,0,1,6.289786223,1,App5,Invalid,Hourly
11-09-2025 23:00,2081,2081,361,2088,1.003363767,0,0,1,5.764542936,1,App5,Invalid,Hourly
12-09-2025 00:00,2516,2516,406,2532,1.0063593,0,0,1,6.197044335,1,App5,Invalid,Hourly
12-09-2025 01:00,2027,2026,383,2038,1.005426739,0,0,1.000493583,5.292428198,1,App5,Invalid,Hourly
12-09-2025 02:00,2381,2381,402,2395,1.005879882,0,0,1,5.922885572,1,App5,Invalid,Hourly
12-09-2025 03:00,3201,3201,438,3243,1.0131209,0,0,1,7.308219178,1,App5,Invalid,Hourly
12-09-2025 04:00,2352,2352,403,2364,1.005102041,0,0,1,5.836228288,1,App5,Invalid,Hourly
12-09-2025 05:00,2883,2883,437,2912,1.010058966,0,0,1,6.597254005,1,App5,Invalid,Hourly
12-09-2025 06:00,3047,3047,459,3088,1.013455858,0,0,1,6.638344227,0.967742,App5,Invalid,Hourly
12-09-2025 07:00,4459,4459,492,4582,1.02758466,0,0,1,9.06300813,1,App5,Invalid,Hourly
12-09-2025 08:00,4046,4046,487,4157,1.027434503,0,0,1,8.308008214,1,App5,Invalid,Hourly
12-09-2025 09:00,4698,4698,520,4872,1.037037037,0,0,1,9.034615385,1,App5,Invalid,Hourly
12-09-2025 10:00,4909,4909,514,5124,1.043797107,0,0,1,9.550583658,0.981818,App5,Invalid,Hourly
12-09-2025 11:00,4643,4643,513,4864,1.047598535,0,0,1,9.050682261,1,App5,Invalid,Hourly
12-09-2025 12:00,4726,4726,499,4938,1.044858231,0,0,1,9.470941884,0.982456,App5,Invalid,Hourly
12-09-2025 13:00,4922,4922,514,5115,1.039211703,0,0,1,9.575875486,0.977273,App5,Invalid,Hourly
12-09-2025 14:00,5568,5568,505,5741,1.031070402,0,0,1,11.02574257,1,App5,Invalid,Hourly
12-09-2025 15:00,3896,3896,447,3968,1.018480493,0,0,1,8.715883669,1,App5,Invalid,Hourly
12-09-2025 16:00,3853,3853,465,3903,1.012976901,0,0,1,8.286021505,1,App5,Invalid,Hourly
12-09-2025 17:00,5511,5511,523,5607,1.017419706,0,0,1,10.53728489,1,App5,Invalid,Hourly
12-09-2025 18:00,21987,21985,734,23583,1.072588348,0,0,1.000090971,29.95504087,0.995595,App5,Invalid,Hourly
12-09-2025 19:00,23848,23845,748,25886,1.0854579,0,0,1.000125813,31.88235294,0.992727,App5,Invalid,Hourly
12-09-2025 20:00,24912,24908,754,26943,1.081526975,0,0,1.000160591,33.0397878,0.996454,App5,Invalid,Hourly
12-09-2025 21:00,13768,13767,675,14329,1.040746659,0,0,1.000072637,20.39703704,0.993289,App5,Invalid,Hourly
12-09-2025 22:00,15031,15028,702,15623,1.03938527,0,0,1.000199627,21.41168091,0.993976,App5,Invalid,Hourly
12-09-2025 23:00,15729,15728,715,16378,1.041261364,0,0,1.000063581,21.9986014,1,App5,Invalid,Hourly
13-09-2025 00:00,10329,10328,631,10660,1.032045697,0,0,1.000096824,16.36925515,1,App5,Invalid,Hourly
13-09-2025 01:00,5397,5396,510,5464,1.012414304,0,0,1.000185322,10.58235294,1,App5,Invalid,Hourly
13-09-2025 02:00,5380,5380,491,5447,1.012453532,0,0,1,10.95723014,1,App5,Invalid,Hourly
13-09-2025 03:00,3863,3863,459,3898,1.009060316,0,0,1,8.416122004,1,App5,Invalid,Hourly
13-09-2025 04:00,12982,12980,662,13320,1.02603605,0,0,1.000154083,19.6102719,0.984848,App5,Invalid,Hourly
13-09-2025 05:00,5476,5476,517,5542,1.012052593,0,0,1,10.59187621,1,App5,Invalid,Hourly
13-09-2025 06:00,8821,8821,630,9063,1.027434531,0,0,1,14.0015873,1,App5,Invalid,Hourly
13-09-2025 07:00,3325,3325,446,3370,1.013533835,0,0,1,7.455156951,1,App5,Invalid,Hourly
13-09-2025 08:00,4385,4385,523,4490,1.023945268,0,0,1,8.384321224,0.972222,App5,Invalid,Hourly
13-09-2025 09:00,4511,4511,526,4641,1.028818444,0,0,1,8.576045627,1,App5,Invalid,Hourly
13-09-2025 10:00,4630,4630,503,4800,1.036717063,0,0,1,9.204771372,1,App5,Invalid,Hourly
13-09-2025 11:00,4187,4187,479,4341,1.036780511,0,0,1,8.741127349,1,App5,Invalid,Hourly
13-09-2025 12:00,3923,3923,478,4058,1.034412439,0,0,1,8.207112971,0.97619,App5,Invalid,Hourly
13-09-2025 13:00,3717,3716,441,3839,1.032822168,0,0,1.000269107,8.428571429,1,App5,Invalid,Hourly
13-09-2025 14:00,3446,3446,450,3505,1.0171213,0,0,1,7.657777778,1,App5,Invalid,Hourly
13-09-2025 15:00,3741,3741,436,3784,1.011494253,0,0,1,8.580275229,1,App5,Invalid,Hourly
13-09-2025 16:00,3810,3810,441,3853,1.011286089,0,0,1,8.639455782,1,App5,Invalid,Hourly
13-09-2025 17:00,3601,3601,450,3638,1.010274924,0,0,1,8.002222222,1,App5,Invalid,Hourly
13-09-2025 18:00,3930,3930,466,3981,1.012977099,0,0,1,8.433476395,1,App5,Invalid,Hourly
13-09-2025 19:00,3353,3353,430,3386,1.009841933,0,0,1,7.797674419,1,App5,Invalid,Hourly
13-09-2025 20:00,4428,4427,481,4488,1.013550136,0,0,1.000225887,9.205821206,1,App5,Invalid,Hourly
13-09-2025 21:00,6226,6226,546,6352,1.020237713,0,0,1,11.4029304,1,App5,Invalid,Hourly
13-09-2025 22:00,22254,22250,749,23618,1.061292352,0,0,1.000179775,29.71161549,1,App5,Invalid,Hourly
13-09-2025 23:00,24559,24555,796,26071,1.061566025,0,0,1.0001629,30.85301508,1,App5,Invalid,Hourly
14-09-2025 00:00,30254,30248,855,32497,1.074138957,0,0,1.00019836,35.38479532,0.988338,App5,Invalid,Hourly
14-09-2025 01:00,14091,14090,698,14501,1.029096586,0,0,1.000070972,20.18767908,1,App5,Invalid,Hourly
14-09-2025 02:00,7179,7179,574,7309,1.018108372,0,0,1,12.50696864,1,App5,Invalid,Hourly
14-09-2025 03:00,8792,8792,612,8965,1.019676979,0,0,1,14.36601307,1,App5,Invalid,Hourly
14-09-2025 04:00,8258,8258,602,8459,1.024340034,0,0,1,13.71760797,1,App5,Invalid,Hourly
14-09-2025 05:00,7723,7722,598,7896,1.022400622,0,0,1.0001295,12.91471572,1,App5,Invalid,Hourly
14-09-2025 06:00,8612,8611,616,8851,1.027751974,0,0,1.000116131,13.98051948,0.990196,App5,Invalid,Hourly
14-09-2025 07:00,7738,7737,598,8034,1.038252778,0,0,1.000129249,12.93979933,1,App5,Invalid,Hourly
14-09-2025 08:00,9686,9686,656,10246,1.057815404,0,0,1,14.7652439,1,App5,Invalid,Hourly
14-09-2025 09:00,3588,3588,474,3680,1.025641026,0,0,1,7.569620253,1,App5,Invalid,Hourly
14-09-2025 10:00,4338,4338,482,4494,1.035961272,0,0,1,9,1,App5,Invalid,Hourly
14-09-2025 11:00,3843,3843,487,3938,1.024720271,0,0,1,7.891170431,1,App5,Invalid,Hourly
14-09-2025 12:00,4065,4065,467,4221,1.038376384,0,0,1,8.704496788,1,App5,Invalid,Hourly
14-09-2025 13:00,3571,3571,459,3654,1.023242789,0,0,1,7.779956427,1,App5,Invalid,Hourly
14-09-2025 14:00,3339,3339,405,3386,1.014076071,0,0,1,8.244444444,1,App5,Invalid,Hourly
14-09-2025 15:00,2710,2710,404,2732,1.008118081,0,0,1,6.707920792,1,App5,Invalid,Hourly
14-09-2025 16:00,2703,2703,407,2725,1.008139105,0,0,1,6.641277641,1,App5,Invalid,Hourly
14-09-2025 17:00,2525,2525,391,2547,1.008712871,0,0,1,6.457800512,1,App5,Invalid,Hourly
14-09-2025 18:00,2754,2754,416,2779,1.009077705,0,0,1,6.620192308,1,App5,Invalid,Hourly
14-09-2025 19:00,3829,3829,477,3872,1.011230086,0,0,1,8.027253669,1,App5,Invalid,Hourly
14-09-2025 20:00,4008,4008,467,4046,1.009481038,0,0,1,8.582441113,1,App5,Invalid,Hourly
14-09-2025 21:00,3260,3259,431,3284,1.007361963,0,0,1.000306843,7.563805104,1,App5,Invalid,Hourly
14-09-2025 22:00,4256,4256,495,4284,1.006578947,0,0,1,8.597979798,1,App5,Invalid,Hourly
14-09-2025 23:00,14869,14868,709,15436,1.038133028,0,0,1.000067259,20.97179126,1,App5,Invalid,Hourly
15-09-2025 00:00,15306,15305,700,15915,1.039788318,0,0,1.000065338,21.86571429,1,App5,Invalid,Hourly
15-09-2025 01:00,14185,14185,722,14640,1.032076137,0,0,1,19.6468144,1,App5,Invalid,Hourly
11-09-2025 14:00,14361,14354,158,21888,1.524127846,0,0,1.000487669,90.89240506,0,App6,Invalid,Hourly
11-09-2025 15:00,9305,9303,115,10019,1.076732939,0,0,1.000214984,80.91304348,0,App6,Invalid,Hourly
11-09-2025 16:00,11985,11981,144,12869,1.073758865,0,0,1.000333862,83.22916667,0,App6,Invalid,Hourly
11-09-2025 17:00,11252,11250,127,12057,1.071542837,0,0,1.000177778,88.5984252,0.008621,App6,Invalid,Hourly
11-09-2025 18:00,10502,10498,103,11363,1.081984384,0,0,1.000381025,101.961165,0,App6,Invalid,Hourly
11-09-2025 19:00,11010,11002,106,11946,1.085013624,0,0,1.000727141,103.8679245,0.008547,App6,Invalid,Hourly
11-09-2025 20:00,10935,10927,117,11849,1.083584819,0,0,1.000732131,93.46153846,0.014184,App6,Invalid,Hourly
11-09-2025 21:00,10205,10200,102,11112,1.088878001,0,0,1.000490196,100.0490196,0,App6,Invalid,Hourly
11-09-2025 22:00,11138,11137,109,12085,1.085024241,0,0,1.000089791,102.1834862,0.010204,App6,Invalid,Hourly
11-09-2025 23:00,10101,10098,93,10970,1.086031086,0,0,1.000297089,108.6129032,0.011364,App6,Invalid,Hourly
12-09-2025 00:00,10341,10333,111,11235,1.086451987,0,0,1.000774219,93.16216216,0.0125,App6,Invalid,Hourly
12-09-2025 01:00,10201,10198,107,10968,1.075188707,0,0,1.000294175,95.3364486,0.004566,App6,Invalid,Hourly
12-09-2025 02:00,11717,11709,123,12478,1.064948366,0,0,1.000683235,95.2601626,0.004902,App6,Invalid,Hourly
12-09-2025 03:00,14015,14009,156,14578,1.040171245,0,0,1.000428296,89.83974359,0,App6,Invalid,Hourly
12-09-2025 04:00,11984,11979,138,12793,1.067506676,0,0,1.000417397,86.84057971,0,App6,Invalid,Hourly
12-09-2025 05:00,11663,11653,147,12462,1.068507245,0,0,1.000858148,79.34013605,0.014925,App6,Invalid,Hourly
12-09-2025 06:00,12361,12354,162,13163,1.064881482,0,0,1.000566618,76.30246914,0,App6,Invalid,Hourly
12-09-2025 07:00,13256,13249,185,14214,1.072269161,0,0,1.000528342,71.65405405,0,App6,Invalid,Hourly
12-09-2025 08:00,10827,10823,185,11566,1.068255288,0,0,1.000369583,58.52432432,0,App6,Invalid,Hourly
12-09-2025 09:00,11792,11788,187,12684,1.075644505,0,0,1.000339328,63.05882353,0,App6,Invalid,Hourly
12-09-2025 10:00,11761,11757,196,12733,1.082646034,0,0,1.000340223,60.00510204,0.008621,App6,Invalid,Hourly
12-09-2025 11:00,11767,11762,196,12773,1.085493329,0,0,1.000425098,60.03571429,0,App6,Invalid,Hourly
12-09-2025 12:00,11160,11158,187,12128,1.086738351,0,0,1.000179244,59.67914439,0.008547,App6,Invalid,Hourly
12-09-2025 13:00,10988,10982,170,11857,1.079086276,0,0,1.000546349,64.63529412,0.014184,App6,Invalid,Hourly
12-09-2025 14:00,11919,11913,167,12734,1.06837822,0,0,1.000503651,71.37125749,0,App6,Invalid,Hourly
12-09-2025 15:00,9049,9045,134,9484,1.04807161,0,0,1.000442233,67.52985075,0.010204,App6,Invalid,Hourly
12-09-2025 16:00,8745,8743,129,9213,1.053516295,0,0,1.000228754,67.79069767,0.011364,App6,Invalid,Hourly
12-09-2025 17:00,7858,7853,116,8247,1.049503691,0,0,1.000636699,67.74137931,0.0125,App6,Invalid,Hourly
12-09-2025 18:00,18589,18584,161,20067,1.079509387,0,0,1.000269049,115.4596273,0.004566,App6,Invalid,Hourly
12-09-2025 19:00,19487,19477,172,21213,1.088571868,0,0,1.000513426,113.2965116,0.004902,App6,Invalid,Hourly
12-09-2025 20:00,25626,25618,179,28406,1.108483571,0,0,1.00031228,143.1620112,0,App6,Invalid,Hourly
12-09-2025 21:00,9775,9775,147,10194,1.04286445,0,0,1,66.49659864,0,App6,Invalid,Hourly
12-09-2025 22:00,12334,12334,164,12878,1.044105724,0,0,1,75.20731707,0.014925,App6,Invalid,Hourly
12-09-2025 23:00,12758,12757,162,13286,1.041385797,0,0,1.000078388,78.75308642,0,App6,Invalid,Hourly
13-09-2025 00:00,9445,9445,159,9727,1.029857067,0,0,1,59.40251572,0,App6,Invalid,Hourly
13-09-2025 01:00,6356,6355,152,6468,1.017621145,0,0,1.000157356,41.81578947,0,App6,Invalid,Hourly
13-09-2025 02:00,11408,11402,144,12028,1.054347826,0,0,1.000526223,79.22222222,0.01,App6,Invalid,Hourly
13-09-2025 03:00,8497,8497,146,8807,1.036483465,0,0,1,58.19863014,0,App6,Invalid,Hourly
13-09-2025 04:00,14028,14027,199,14456,1.030510408,0,0,1.000071291,70.49246231,0.201389,App6,Invalid,Hourly
13-09-2025 05:00,4608,4608,144,4680,1.015625,0,0,1,32,0.75,App6,Invalid,Hourly
13-09-2025 06:00,10016,10014,160,10491,1.047424121,0,0,1.00019972,62.6,1,App6,Invalid,Hourly
13-09-2025 07:00,6465,6465,124,6952,1.075328693,0,0,1,52.13709677,1,App6,Invalid,Hourly
13-09-2025 08:00,7450,7447,137,8077,1.084161074,0,0,1.000402847,54.37956204,0.977011,App6,Invalid,Hourly
13-09-2025 09:00,8473,8469,146,9240,1.090522837,0,0,1.000472311,58.03424658,0.988506,App6,Invalid,Hourly
13-09-2025 10:00,8964,8962,159,9793,1.092481035,0,0,1.000223164,56.37735849,0.988764,App6,Invalid,Hourly
13-09-2025 11:00,9068,9065,160,9899,1.091640935,0,0,1.000330943,56.675,1,App6,Invalid,Hourly
13-09-2025 12:00,9156,9155,158,9955,1.087265181,0,0,1.00010923,57.94936709,1,App6,Invalid,Hourly
13-09-2025 13:00,10381,10376,153,11372,1.095462865,0,0,1.000481881,67.8496732,0.990476,App6,Invalid,Hourly
13-09-2025 14:00,10374,10371,134,11154,1.07518797,0,0,1.000289268,77.41791045,1,App6,Invalid,Hourly
13-09-2025 15:00,10410,10404,133,11200,1.075888569,0,0,1.000576701,78.27067669,1,App6,Invalid,Hourly
13-09-2025 16:00,10195,10193,111,10997,1.078666013,0,0,1.000196213,91.84684685,0.990991,App6,Invalid,Hourly
13-09-2025 17:00,9743,9742,102,10552,1.083033973,0,0,1.000102648,95.51960784,0.990196,App6,Invalid,Hourly
13-09-2025 18:00,11277,11266,124,12316,1.092134433,0,0,1.000976389,90.94354839,0.992063,App6,Invalid,Hourly
13-09-2025 19:00,11139,11136,103,12144,1.090223539,0,0,1.000269397,108.1456311,1,App6,Invalid,Hourly
13-09-2025 20:00,11966,11961,112,13158,1.099615577,0,0,1.000418025,106.8392857,1,App6,Invalid,Hourly
13-09-2025 21:00,10912,10908,134,11433,1.047745601,0,0,1.000366703,81.43283582,0.982143,App6,Invalid,Hourly
13-09-2025 22:00,27986,27978,187,30114,1.076038019,0,0,1.000285939,149.657754,0.986014,App6,Invalid,Hourly
13-09-2025 23:00,23687,23682,187,25273,1.066956558,0,0,1.000211131,126.6684492,1,App6,Invalid,Hourly
14-09-2025 00:00,27020,27015,199,29406,1.088304959,0,0,1.000185082,135.7788945,0.982993,App6,Invalid,Hourly
14-09-2025 01:00,12561,12558,161,13094,1.042432927,0,0,1.000238892,78.01863354,1,App6,Invalid,Hourly
14-09-2025 02:00,5265,5264,132,5405,1.026590693,0,0,1.00018997,39.88636364,0.983051,App6,Invalid,Hourly
14-09-2025 03:00,6542,6541,134,6737,1.029807398,0,0,1.000152882,48.82089552,1,App6,Invalid,Hourly
14-09-2025 04:00,6165,6164,142,6359,1.031467964,0,0,1.000162232,43.41549296,1,App6,Invalid,Hourly
14-09-2025 05:00,3880,3880,127,3969,1.022938144,0,0,1,30.5511811,0.97619,App6,Invalid,Hourly
14-09-2025 06:00,3876,3876,128,4014,1.035603715,0,0,1,30.28125,1,App6,Invalid,Hourly
14-09-2025 07:00,2662,2662,124,2753,1.034184823,0,0,1,21.46774194,1,App6,Invalid,Hourly
14-09-2025 08:00,6112,6110,168,6510,1.065117801,0,0,1.000327332,36.38095238,1,App6,Invalid,Hourly
14-09-2025 09:00,5243,5242,138,5537,1.056074766,0,0,1.000190767,37.99275362,1,App6,Invalid,Hourly
14-09-2025 10:00,7878,7875,166,8550,1.085300838,0,0,1.000380952,47.45783133,1,App6,Invalid,Hourly
14-09-2025 11:00,8158,8157,161,8892,1.089973033,0,0,1.000122594,50.67080745,1,App6,Invalid,Hourly
14-09-2025 12:00,9217,9213,154,10040,1.089291527,0,0,1.000434169,59.85064935,1,App6,Invalid,Hourly
14-09-2025 13:00,10367,10364,147,11308,1.090768786,0,0,1.000289464,70.52380952,1,App6,Invalid,Hourly
14-09-2025 14:00,11196,11189,123,12068,1.077884959,0,0,1.000625614,91.02439024,1,App6,Invalid,Hourly
14-09-2025 15:00,11059,11053,116,11915,1.07740302,0,0,1.000542839,95.3362069,1,App6,Invalid,Hourly
14-09-2025 16:00,11181,11175,103,12146,1.086307128,0,0,1.000536913,108.5533981,1,App6,Invalid,Hourly
14-09-2025 17:00,10157,10153,96,11117,1.094516097,0,0,1.000393972,105.8020833,1,App6,Invalid,Hourly
14-09-2025 18:00,11607,11600,105,12712,1.095201172,0,0,1.000603448,110.5428571,1,App6,Invalid,Hourly
14-09-2025 19:00,9214,9209,95,9804,1.064032993,0,0,1.000542947,96.98947368,1,App6,Invalid,Hourly
14-09-2025 20:00,10592,10588,102,11543,1.089784743,0,0,1.000377786,103.8431373,1,App6,Invalid,Hourly
14-09-2025 21:00,7865,7864,96,8438,1.072854418,0,0,1.000127162,81.92708333,1,App6,Invalid,Hourly
14-09-2025 22:00,7780,7777,96,8225,1.057197943,0,0,1.000385753,81.04166667,1,App6,Invalid,Hourly
14-09-2025 23:00,15669,15667,173,16890,1.077924564,0,0,1.000127657,90.57225434,1,App6,Invalid,Hourly
15-09-2025 00:00,11223,11219,163,11862,1.056936648,0,0,1.000356538,68.85276074,1,App6,Invalid,Hourly
15-09-2025 01:00,11104,11103,147,11605,1.045118876,0,0,1.000090066,75.53741497,1,App6,Invalid,Hourly
11-09-2025 00:00,93345,93340,22,99280,1.063581338,0,0,1.000053568,4242.954545,0.0034563,App1,Valid,Daily
12-09-2025 00:00,515646,515307,25,649515,1.259614154,0,0,1.00065786,20625.84,0.003408542,App1,Valid,Daily
13-09-2025 00:00,406993,406729,25,473346,1.163032288,0,0,1.000649081,16279.72,0.006032583,App1,Valid,Daily
14-09-2025 00:00,400917,400668,26,467152,1.165208759,0,0,1.000621462,15419.88462,0.003835833,App1,Valid,Daily
15-09-2025 00:00,76526,76519,21,81409,1.063808379,0,0,1.000091481,3644.095238,0.0029675,App1,Valid,Daily
11-09-2025 00:00,51817,51696,160,56301,1.086535307,0,0,1.002340607,323.85625,0.0473936,App2,Valid,Daily
12-09-2025 00:00,254641,253038,252,311936,1.225003044,0,0,1.006335017,1010.480159,0.058381333,App2,Valid,Daily
13-09-2025 00:00,236217,234918,264,272815,1.154933811,0,0,1.005529589,894.7613636,0.057921208,App2,Valid,Daily
14-09-2025 00:00,264396,262952,266,310011,1.172525303,0,0,1.005491497,993.9699248,0.053956125,App2,Valid,Daily
15-09-2025 00:00,48280,48234,186,52446,1.086288318,0,0,1.000953684,259.5698925,0.0740985,App2,Valid,Daily
11-09-2025 00:00,190487,187619,22,245116,1.286785975,0,0,1.015286298,8658.5,0.0018741,App3,Valid,Daily
12-09-2025 00:00,333653,325445,22,426365,1.277869523,0,0,1.025220851,15166.04545,0.005005125,App3,Valid,Daily
13-09-2025 00:00,256525,251471,22,295879,1.153411948,0,0,1.020097745,11660.22727,0.004752667,App3,Valid,Daily
14-09-2025 00:00,255603,250533,22,307672,1.203710442,0,0,1.020236855,11618.31818,0.002864417,App3,Valid,Daily
15-09-2025 00:00,22684,22648,22,24175,1.065729148,0,0,1.001589544,1031.090909,0.009282,App3,Valid,Daily
11-09-2025 00:00,91848,91830,232,97817,1.064987806,0,0,1.000196014,395.8965517,0.0035316,App4,Invalid,Daily
12-09-2025 00:00,376599,376351,268,480852,1.276827607,0,0,1.000658959,1405.220149,0.778107333,App4,Invalid,Daily
13-09-2025 00:00,225317,225179,260,261039,1.158541078,0,0,1.000612846,866.6038462,0.99405975,App4,Invalid,Daily
14-09-2025 00:00,238368,238209,267,280450,1.176542153,0,0,1.000667481,892.7640449,0.999405417,App4,Invalid,Daily
15-09-2025 00:00,55073,55062,222,60235,1.09373014,0,0,1.000199775,248.0765766,1,App4,Invalid,Daily
11-09-2025 00:00,26051,26049,774,27023,1.037311428,0,0,1.000076778,33.65762274,0.2740602,App5,Invalid,Daily
12-09-2025 00:00,162095,161975,1174,194185,1.197970326,0,0,1.000740855,138.0706985,0.995055417,App5,Invalid,Daily
13-09-2025 00:00,146191,146082,1171,165609,1.132826234,0,0,1.000746156,124.8428693,0.997219167,App5,Invalid,Daily
14-09-2025 00:00,150568,150428,1232,171836,1.141251793,0,0,1.000930678,122.2142857,0.999105583,App5,Invalid,Daily
15-09-2025 00:00,28822,28819,834,30555,1.06012768,0,0,1.000104098,34.558753,1,App5,Invalid,Daily
11-09-2025 00:00,92878,92548,210,126158,1.358319516,0,0,1.003565717,442.2761905,0.005292,App6,Invalid,Daily
12-09-2025 00:00,247402,245811,262,321354,1.298914318,0,0,1.006472452,944.2824427,0.005279417,App6,Invalid,Daily
13-09-2025 00:00,223374,221963,252,280286,1.254783457,0,0,1.006356915,886.4047619,0.785314708,App6,Invalid,Daily
14-09-2025 00:00,190510,189447,245,237432,1.246296782,0,0,1.005611068,777.5918367,0.997593083,App6,Invalid,Daily
15-09-2025 00:00,21796,21785,182,23467,1.076665443,0,0,1.000504935,119.7582418,1,App6,Invalid,Daily
